"id","code","name","user_type_id/id","group_id/id","reconcile"
"l10n_fr.1_pcg_400","400000","Fournisseurs et comptes rattachés","account.data_account_type_payable","","True"
"l10n_fr.1_fr_pcg_pay","401100","Fournisseurs - Achats de biens et prestations de services","account.data_account_type_payable","","True"
"l10n_fr.1_pcg_4017","401700","Fournisseurs - Retenues de garantie","account.data_account_type_payable","","True"
"l10n_fr.1_pcg_403","403000","Fournisseurs - Effets à payer","account.data_account_type_payable","","True"
"l10n_fr.1_pcg_4041","404100","Fournisseurs - Achats d'immobilisations","account.data_account_type_payable","","True"
"l10n_fr.1_pcg_4047","404700","Fournisseurs d'immobilisations - Retenues de garantie","account.data_account_type_payable","","True"
"l10n_fr.1_pcg_405","405000","Fournisseurs d'immobilisations - Effets à payer","account.data_account_type_payable","","True"
"l10n_fr.1_pcg_4081","408100","Factures non parvenues - Fournisseurs","account.data_account_type_payable","","True"
"l10n_fr.1_pcg_4084","408400","Factures non parvenues - Fournisseurs d'immobilisations","account.data_account_type_payable","","True"
"l10n_fr.1_pcg_4088","408800","Factures non parvenues - Fournisseurs - Intérêts courus","account.data_account_type_payable","","True"
"l10n_fr.1_pcg_4096","409600","Fournisseurs débiteurs - Créances pour emballages et matériel à rendre","account.data_account_type_current_assets","","True"
"l10n_fr.1_pcg_40971","409710","Fournisseurs débiteurs - Autres avoirs des fournisseurs d'exploitation","account.data_account_type_current_assets","","True"
"l10n_fr.1_pcg_40974","409740","Fournisseurs débiteurs - Autres avoirs des fournisseurs d'immobilisations","account.data_account_type_current_assets","","True"
"l10n_fr.1_pcg_4098","409800","Fournisseurs débiteurs - Rabais, remises, ristournes à obtenir et autres avoirs non encore reçus","account.data_account_type_current_assets","","True"
"l10n_fr.1_pcg_410","410000","Clients et comptes rattachés","account.data_account_type_receivable","","True"
"l10n_fr.1_fr_pcg_recv","411100","Clients - Ventes de biens ou de prestations de services","account.data_account_type_receivable","","True"
"l10n_fr.1_pcg_4117","411700","Clients - Retenues de garantie","account.data_account_type_receivable","","True"
"l10n_fr.1_pcg_413","413000","Clients - Effets à recevoir","account.data_account_type_receivable","","True"
"l10n_fr.1_pcg_416","416000","Clients douteux ou litigieux","account.data_account_type_receivable","","True"
"l10n_fr.1_pcg_4181","418100","Clients - Factures à établir","account.data_account_type_receivable","","True"
"l10n_fr.1_pcg_4188","418800","Clients - Intérêts courus non encore facturés","account.data_account_type_receivable","","True"
"l10n_fr.1_pcg_4191","419100","Clients créditeurs - Avances et acomptes reçus sur commandes","account.data_account_type_current_assets","","True"
"l10n_fr.1_pcg_4196","419600","Clients créditeurs - Dettes pour emballages et matériels consignés","account.data_account_type_current_assets","","True"
"l10n_fr.1_pcg_4197","419700","Clients créditeurs - Autres avoirs","account.data_account_type_current_assets","","True"
"l10n_fr.1_pcg_4198","419800","Clients créditeurs - Rabais, remises, ristournes à accorder et autres avoirs à établir","account.data_account_type_current_assets","","True"
"l10n_fr.1_pcg_421","421000","Personnel - Rémunérations dues","account.data_account_type_payable","","True"
"l10n_fr.1_pcg_422","422000","Comités d'entreprise, d'établissement","account.data_account_type_current_liabilities","","True"
"l10n_fr.1_pcg_4246","424600","Participation des salariés aux résultats - Réserve spéciale","account.data_account_type_current_liabilities","","True"
"l10n_fr.1_pcg_4248","424800","Participation des salariés aux résultats - Comptes courants","account.data_account_type_current_liabilities","","True"
"l10n_fr.1_pcg_425","425000","Personnel - Avances et acomptes","account.data_account_type_receivable","","True"
"l10n_fr.1_pcg_426","426000","Personnel - Dépôts","account.data_account_type_current_liabilities","","True"
"l10n_fr.1_pcg_427","427000","Personnel - Oppositions","account.data_account_type_current_liabilities","","True"
"l10n_fr.1_pcg_4282","428200","Personnel - Dettes provisionnées pour congés à payer","account.data_account_type_current_liabilities","","True"
"l10n_fr.1_pcg_4284","428400","Personnel - Dettes provisionnées pour participation des salariés aux résultats","account.data_account_type_current_liabilities","","True"
"l10n_fr.1_pcg_4286","428600","Personnel - Autres charges à payer","account.data_account_type_current_liabilities","","True"
"l10n_fr.1_pcg_4287","428700","Personnel - Produits à recevoir","account.data_account_type_receivable","","True"
"l10n_fr.1_pcg_431","431000","Sécurité Sociale","account.data_account_type_current_liabilities","","True"
"l10n_fr.1_pcg_437","437000","Autres organismes sociaux","account.data_account_type_current_liabilities","","True"
"l10n_fr.1_pcg_4382","438200","Charges sociales sur congés à payer","account.data_account_type_current_liabilities","","True"
"l10n_fr.1_pcg_4386","438600","Organismes sociaux - Autres charges à payer","account.data_account_type_current_liabilities","","True"
"l10n_fr.1_pcg_4387","438700","Organismes sociaux - Produits à recevoir","account.data_account_type_receivable","","True"
"l10n_fr.1_pcg_4411","441100","État - Subventions à recevoir - Subventions d'investissement","account.data_account_type_receivable","","True"
"l10n_fr.1_pcg_4417","441700","État - Subventions à recevoir - Subventions d'exploitation","account.data_account_type_receivable","","True"
"l10n_fr.1_pcg_4418","441800","État - Subventions à recevoir - Subventions d'équilibre","account.data_account_type_receivable","","True"
"l10n_fr.1_pcg_4419","441900","État - Subventions à recevoir - Avances sur subventions","account.data_account_type_receivable","","True"
"l10n_fr.1_pcg_4424","442400","État - Impôts et taxes recouvrables sur des tiers - Obligataires","account.data_account_type_current_assets","","True"
"l10n_fr.1_pcg_4425","442500","État - Impôts et taxes recouvrables sur des tiers - Associés","account.data_account_type_current_assets","","True"
"l10n_fr.1_pcg_4431","443100","Créances sur l'État résultant de la suppression de la règle du décalage d'un mois en matière de TVA","account.data_account_type_receivable","","True"
"l10n_fr.1_pcg_4438","443800","État - Intérêts courus sur créances figurant au compte 4431","account.data_account_type_current_assets","","True"
"l10n_fr.1_pcg_444","444000","État - Impôts sur les bénéfices","account.data_account_type_current_liabilities","","True"
"l10n_fr.1_pcg_445201","445201","TVA due intracommunautaire (Taux Normal)","account.data_account_type_current_liabilities","","False"
"l10n_fr.1_pcg_445202","445202","TVA due intracommunautaire (Taux Intermédiaire)","account.data_account_type_current_liabilities","","False"
"l10n_fr.1_pcg_445203","445203","TVA due intracommunautaire (Autre taux)","account.data_account_type_current_liabilities","","False"
"l10n_fr.1_pcg_445204","445204","TVA due imports","account.data_account_type_current_liabilities","","False"
"l10n_fr.1_pcg_44551","445510","TVA à décaisser","account.data_account_type_current_liabilities","","True"
"l10n_fr.1_pcg_44558","445580","Taxes assimilées à la TVA","account.data_account_type_current_liabilities","","True"
"l10n_fr.1_pcg_44562","445620","TVA déductible sur immobilisations","account.data_account_type_current_assets","","False"
"l10n_fr.1_pcg_44563","445630","TVA déductible transférée par d'autres entreprises","account.data_account_type_current_assets","","True"
"l10n_fr.1_pcg_44566","445660","TVA déductible sur autres biens et services","account.data_account_type_current_assets","","False"
"l10n_fr.1_pcg_445662","445662","TVA déductible intracommunautaire","account.data_account_type_current_assets","","False"
"l10n_fr.1_pcg_445663","445663","TVA déductible imports","account.data_account_type_current_assets","","False"
"l10n_fr.1_pcg_44567","445670","Crédit de TVA à reporter","account.data_account_type_current_assets","","True"
"l10n_fr.1_pcg_44568","445680","Taxes déductibles assimilées à la TVA","account.data_account_type_current_assets","","True"
"l10n_fr.1_pcg_445711","445711","TVA collectée (Taux Normal)","account.data_account_type_current_liabilities","","False"
"l10n_fr.1_pcg_445712","445712","TVA collectée (Taux Intermédiaire)","account.data_account_type_current_liabilities","","False"
"l10n_fr.1_pcg_445713","445713","TVA collectée (Autre taux)","account.data_account_type_current_liabilities","","False"
"l10n_fr.1_pcg_44578","445780","Taxes collectées assimilées à la TVA","account.data_account_type_current_liabilities","","True"
"l10n_fr.1_pcg_445800","445800","Taxes sur le chiffre d'affaires à régulariser ou en attente","account.data_account_type_current_liabilities","","True"
"l10n_fr.1_pcg_44581","445810","Acomptes - Régime simplifié d'imposition","account.data_account_type_current_assets","","True"
"l10n_fr.1_pcg_44582","445820","Acomptes - Régime du forfait","account.data_account_type_current_assets","","True"
"l10n_fr.1_pcg_44583","445830","Remboursement de taxes sur le chiffre d'affaires demandé","account.data_account_type_current_assets","","True"
"l10n_fr.1_pcg_44584","445840","TVA récupérée d'avance","account.data_account_type_current_liabilities","","True"
"l10n_fr.1_pcg_44586","445860","Taxes sur le chiffre d'affaires sur factures non parvenues","account.data_account_type_current_assets","","True"
"l10n_fr.1_pcg_44587","445870","Taxes sur le chiffre d'affaires sur factures à établir","account.data_account_type_current_liabilities","","True"
"l10n_fr.1_pcg_446","446000","Obligations cautionnées","account.data_account_type_current_liabilities","","True"
"l10n_fr.1_pcg_447","447000","Autres impôts, taxes et versements assimilés","account.data_account_type_current_liabilities","","True"
"l10n_fr.1_pcg_4482","448200","État - Charges fiscales sur congés à payer","account.data_account_type_current_liabilities","","True"
"l10n_fr.1_pcg_4486","448600","État - Charges à payer","account.data_account_type_current_liabilities","","True"
"l10n_fr.1_pcg_4487","448700","État - Produits à recevoir","account.data_account_type_current_assets","","True"
"l10n_fr.1_pcg_449","449000","Quotas d'émission à restituer à l'État","account.data_account_type_current_liabilities","","True"
"l10n_fr.1_pcg_451","451000","Groupe","account.data_account_type_receivable","","True"
"l10n_fr.1_pcg_4551","455100","Associés - Comptes courants - Principal","account.data_account_type_payable","","True"
"l10n_fr.1_pcg_4558","455800","Associés - Comptes courants - Intérêts courus","account.data_account_type_payable","","True"
"l10n_fr.1_pcg_45611","456110","Associés - Comptes d'apport en société - Apports en nature","account.data_account_type_receivable","","True"
"l10n_fr.1_pcg_45615","456150","Associés - Comptes d'apport en société - Apports en numéraire","account.data_account_type_receivable","","True"
"l10n_fr.1_pcg_45621","456210","Actionnaires - Capital souscrit et appelé, non versé","account.data_account_type_receivable","","True"
"l10n_fr.1_pcg_45625","456250","Associés - Capital appelé, non versé","account.data_account_type_receivable","","True"
"l10n_fr.1_pcg_4563","456300","Associés - Versements reçus sur augmentation de capital","account.data_account_type_receivable","","True"
"l10n_fr.1_pcg_4564","456400","Associés - Versements anticipés","account.data_account_type_receivable","","True"
"l10n_fr.1_pcg_4566","456600","Actionnaires défaillants","account.data_account_type_receivable","","True"
"l10n_fr.1_pcg_4567","456700","Associés - Capital à rembourser","account.data_account_type_receivable","","True"
"l10n_fr.1_pcg_457","457000","Associés - Dividendes à payer","account.data_account_type_current_liabilities","","True"
"l10n_fr.1_pcg_4581","458100","Associés - Opérations faites en commun et en GIE - Opérations courantes","account.data_account_type_receivable","","True"
"l10n_fr.1_pcg_4588","458800","Associés - Opérations faites en commun et en GIE - Intérêts courus","account.data_account_type_receivable","","True"
"l10n_fr.1_pcg_462","462000","Créances sur cessions d'immobilisations","account.data_account_type_receivable","","True"
"l10n_fr.1_pcg_464","464000","Dettes sur acquisitions de valeurs mobilières de placement","account.data_account_type_current_liabilities","","True"
"l10n_fr.1_pcg_465","465000","Créances sur cessions de valeurs mobilières de placement","account.data_account_type_receivable","","True"
"l10n_fr.1_pcg_467","467000","Autres comptes débiteurs ou créditeurs","account.data_account_type_current_liabilities","","False"
"l10n_fr.1_pcg_4686","468600","Charges à payer","account.data_account_type_current_liabilities","","True"
"l10n_fr.1_pcg_4687","468700","Produits à recevoir","account.data_account_type_receivable","","True"
"l10n_fr.1_pcg_471","471000","Compte d'attente","account.data_account_type_receivable","","True"
"l10n_fr.1_pcg_4761","476100","Différence de conversion - Actif - Diminution des créances","account.data_account_type_receivable","","True"
"l10n_fr.1_pcg_4762","476200","Différence de conversion - Actif - Augmentation des dettes","account.data_account_type_receivable","","True"
"l10n_fr.1_pcg_4768","476800","Différence de conversion - Actif - Différences compensées par couverture de change","account.data_account_type_receivable","","True"
"l10n_fr.1_pcg_4771","477100","Différences de conversion - Passif - Augmentation des créances","account.data_account_type_current_liabilities","","True"
"l10n_fr.1_pcg_4772","477200","Différences de conversion - Passif - Diminution des dettes","account.data_account_type_current_liabilities","","True"
"l10n_fr.1_pcg_4778","477800","Différences de conversion - Passif - Différences compensées par couverture de change","account.data_account_type_current_liabilities","","True"
"l10n_fr.1_pcg_478","478000","Autres comptes transitoires","account.data_account_type_current_liabilities","","False"
"l10n_fr.1_pcg_4816","481600","Charges à répartir sur plusieurs exercices - Frais d'émission des emprunts","account.data_account_type_receivable","","True"
"l10n_fr.1_pcg_486","486000","Charges constatées d'avance","account.data_account_type_receivable","","True"
"l10n_fr.1_pcg_487","487000","Produits constatés d'avance","account.data_account_type_current_liabilities","","True"
"l10n_fr.1_pcg_4886","488600","Comptes de répartition périodique des charges","account.data_account_type_current_liabilities","","True"
"l10n_fr.1_pcg_4887","488700","Comptes de répartition périodique des produits","account.data_account_type_receivable","","True"
"l10n_fr.1_pcg_489","489000","Quotas d'émission alloués par l'État","account.data_account_type_receivable","","True"
"l10n_fr.1_pcg_491","491000","Provisions pour dépréciation des comptes de clients","account.data_account_type_current_liabilities","","True"
"l10n_fr.1_pcg_4951","495100","Provisions pour dépréciation des comptes du groupe","account.data_account_type_current_liabilities","","True"
"l10n_fr.1_pcg_4955","495500","Provisions pour dépréciation des comptes courants des associés","account.data_account_type_current_liabilities","","True"
"l10n_fr.1_pcg_4958","495800","Provisions pour dépréciation des opérations faites en commun et en GIE","account.data_account_type_current_liabilities","","True"
"l10n_fr.1_pcg_4962","496200","Provisions pour dépréciation des créances sur cessions d'immobilisations","account.data_account_type_receivable","","True"
"l10n_fr.1_pcg_4965","496500","Provisions pour dépréciation des créances sur cessions de valeurs mobilières de placement","account.data_account_type_receivable","","True"
"l10n_fr.1_pcg_4967","496700","Provisions pour dépréciation - Autres comptes débiteurs","account.data_account_type_receivable","","True"
"l10n_fr.1_pcg_501","501000","Valeurs mobilières de placement - Parts dans entreprises liées","account.data_account_type_current_assets","","False"
"l10n_fr.1_pcg_502","502000","Valeurs mobilières de placement - Actions propres","account.data_account_type_current_assets","","False"
"l10n_fr.1_pcg_5031","503100","Valeurs mobilières de placement - Titres cotés","account.data_account_type_current_assets","","False"
"l10n_fr.1_pcg_5035","503500","Valeurs mobilières de placement - Titres non cotés","account.data_account_type_current_assets","","False"
"l10n_fr.1_pcg_504","504000","Valeurs mobilières de placement - Autres titres conférant un droit de propriété","account.data_account_type_current_assets","","False"
"l10n_fr.1_pcg_505","505000","Obligations et bons émis par la société et rachetés par elle","account.data_account_type_current_assets","","False"
"l10n_fr.1_pcg_5061","506100","Obligations cotés","account.data_account_type_current_assets","","False"
"l10n_fr.1_pcg_5065","506500","Obligations non cotés","account.data_account_type_current_assets","","False"
"l10n_fr.1_pcg_507","507000","Bons du Trésor et bons de caisse à court terme","account.data_account_type_current_assets","","False"
"l10n_fr.1_pcg_5081","508100","Autres valeurs mobilières de placement","account.data_account_type_current_assets","","False"
"l10n_fr.1_pcg_5082","508200","Bons de souscription","account.data_account_type_current_assets","","False"
"l10n_fr.1_pcg_5088","508800","Intérêts courus sur obligations, bons et valeurs assimilées","account.data_account_type_current_assets","","False"
"l10n_fr.1_pcg_509","509000","Versements restant à effectuer sur valeurs mobilières de placement non libérées","account.data_account_type_current_assets","","False"
"l10n_fr.1_pcg_5111","511100","Coupons échus à l'encaissement","account.data_account_type_current_assets","","True"
"l10n_fr.1_pcg_5112","511200","Chèques à encaisser","account.data_account_type_current_assets","","True"
"l10n_fr.1_pcg_5113","511300","Effets à l'encaissement","account.data_account_type_current_assets","","True"
"l10n_fr.1_pcg_5114","511400","Effets à l'escompte","account.data_account_type_current_assets","","True"
"__export__.account_account_716_186ebcae","512001","Banque","account.data_account_type_liquidity","","False"
"l10n_fr.1_pcg_5124","512400","Banques - Comptes en devises","account.data_account_type_liquidity","","False"
"l10n_fr.1_pcg_514","514000","Chèques postaux","account.data_account_type_liquidity","","False"
"l10n_fr.1_pcg_515","515000","Caisses du Trésor et des établissements publics","account.data_account_type_liquidity","","False"
"l10n_fr.1_pcg_516","516000","Sociétés de bourse","account.data_account_type_current_assets","","False"
"l10n_fr.1_pcg_517","517000","Autres organismes financiers","account.data_account_type_current_assets","","False"
"l10n_fr.1_pcg_5181","518100","Intérêts courus à payer","account.data_account_type_current_assets","","False"
"l10n_fr.1_pcg_5188","518800","Intérêts courus à recevoir","account.data_account_type_current_assets","","False"
"l10n_fr.1_pcg_5191","519100","Concours bancaires courants - Crédit de mobilisation de créances commerciales (CMCC)","account.data_account_type_current_assets","","False"
"l10n_fr.1_pcg_5193","519300","Concours bancaires courants - Mobilisation de créances nées à l'étranger","account.data_account_type_current_assets","","False"
"l10n_fr.1_pcg_5198","519800","Concours bancaires courants - Intérêts courus sur concours bancaires courants","account.data_account_type_current_assets","","False"
"l10n_fr.1_pcg_52","520000","Instruments de trésorerie","account.data_account_type_current_assets","","False"
"__export__.account_account_715_2ff095a3","530001","Espèces","account.data_account_type_liquidity","","False"
"l10n_fr.1_pcg_5311","531100","Caisse en monnaie nationale","account.data_account_type_liquidity","","False"
"l10n_fr.1_pcg_5314","531400","Caisse en devises","account.data_account_type_liquidity","","False"
"l10n_fr.1_pcg_532","532000","Caisse succursale (ou usine) A","account.data_account_type_liquidity","","False"
"l10n_fr.1_pcg_533","533000","Caisse succursale (ou usine) B","account.data_account_type_liquidity","","False"
"l10n_fr.1_pcg_54","540000","Régies d'avances et accréditifs","account.data_account_type_current_assets","","False"
"l10n_fr.1_pcg_58","580000","Virements Internes","account.data_account_type_current_assets","","True"
"l10n_fr.1_pcg_5903","590300","Provisions pour dépréciation des actions","account.data_account_type_current_assets","","False"
"l10n_fr.1_pcg_5904","590400","Provisions pour dépréciation des autres titres conférant un droit de propriété","account.data_account_type_current_assets","","False"
"l10n_fr.1_pcg_5906","590600","Provisions pour dépréciation des obligations","account.data_account_type_current_assets","","False"
"l10n_fr.1_pcg_5908","590800","Provisions pour dépréciation des autres valeurs mobilières de placement et créances assimilées (provisions)","account.data_account_type_current_assets","","False"
"l10n_fr.1_pcg_6011","601100","Achats stockés - Matières premières (ou groupe) A","account.data_account_type_expenses","","False"
"l10n_fr.1_pcg_6012","601200","Achats stockés - matières premières (ou groupe) B","account.data_account_type_expenses","","False"
"l10n_fr.1_pcg_6017","601700","Achats stockés - Fournitures A, B, C, ..","account.data_account_type_expenses","","False"
"l10n_fr.1_pcg_60211","602110","Achats stockés - Matières consommables (ou groupe) C","account.data_account_type_expenses","","False"
"l10n_fr.1_pcg_60212","602120","Achats stockés - Matières consommables (ou groupe) D","account.data_account_type_expenses","","False"
"l10n_fr.1_pcg_60221","602210","Achats stockés - Combustibles","account.data_account_type_expenses","","False"
"l10n_fr.1_pcg_60222","602220","Achats stockés - Produits d'entretien","account.data_account_type_expenses","","False"
"l10n_fr.1_pcg_60223","602230","Achats stockés - Fournitures d'atelier et d'usine","account.data_account_type_expenses","","False"
"l10n_fr.1_pcg_60224","602240","Achats stockés - Fournitures de magasin","account.data_account_type_expenses","","False"
"l10n_fr.1_pcg_60225","602250","Achats stockés - Fournitures de bureau","account.data_account_type_expenses","","False"
"l10n_fr.1_pcg_60261","602610","Achats stockés - Emballages perdus","account.data_account_type_expenses","","False"
"l10n_fr.1_pcg_60265","602650","Achats stockés - Emballages récupérables non identifiables","account.data_account_type_expenses","","False"
"l10n_fr.1_pcg_60267","602670","Achats stockés - Emballages à usage mixte","account.data_account_type_expenses","","False"
"l10n_fr.1_pcg_6031","603100","Variation des stocks de matières premières (et fournitures)","account.data_account_type_expenses","","False"
"l10n_fr.1_pcg_6032","603200","Variation des stocks des autres approvisionnements","account.data_account_type_expenses","","False"
"l10n_fr.1_pcg_6037","603700","Variation des stocks de marchandises","account.data_account_type_expenses","","False"
"l10n_fr.1_pcg_604","604000","Achats d'études et prestations de services","account.data_account_type_expenses","","False"
"l10n_fr.1_pcg_605","605000","Achats de matériel équipements et travaux","account.data_account_type_expenses","","False"
"l10n_fr.1_pcg_6061","606100","Fournitures non stockables (eau, énergie...)","account.data_account_type_expenses","","False"
"l10n_fr.1_pcg_6063","606300","Fournitures d'entretien et de petit équipement","account.data_account_type_expenses","","False"
"l10n_fr.1_pcg_6064","606400","Fournitures administratives","account.data_account_type_expenses","","False"
"l10n_fr.1_pcg_6068","606800","Achats autres matières et fournitures","account.data_account_type_expenses","","False"
"l10n_fr.1_pcg_6071","607100","Achats de marchandises (ou groupe) A","account.data_account_type_expenses","","False"
"l10n_fr.1_pcg_6072","607200","Achats de marchandises (ou groupe) B","account.data_account_type_expenses","","False"
"l10n_fr.1_pcg_608","608000","Frais accessoires incorporés aux achats","account.data_account_type_expenses","","False"
"l10n_fr.1_pcg_6091","609100","Rabais, remises et ristournes obtenus sur achats de matières premières (et fournitures)","account.data_account_type_expenses","","False"
"l10n_fr.1_pcg_6092","609200","Rabais, remises et ristournes obtenus sur achats d'autres approvisionnements stockés","account.data_account_type_expenses","","False"
"l10n_fr.1_pcg_6094","609400","Rabais, remises et ristournes obtenus sur achats d'études et prestations de services","account.data_account_type_expenses","","False"
"l10n_fr.1_pcg_6095","609500","Rabais, remises et ristournes obtenus sur achats de matériel, équipements et travaux","account.data_account_type_expenses","","False"
"l10n_fr.1_pcg_6096","609600","Rabais, remises et ristournes obtenus sur achats d'approvisionnements non stockés","account.data_account_type_expenses","","False"
"l10n_fr.1_pcg_6097","609700","Rabais, remises et ristournes obtenus sur achats de marchandises","account.data_account_type_expenses","","False"
"l10n_fr.1_pcg_6098","609800","Rabais, remises et ristournes non affectés","account.data_account_type_expenses","","False"
"l10n_fr.1_pcg_611","611000","Sous-traitance générale","account.data_account_type_expenses","","False"
"l10n_fr.1_pcg_6122","612200","Redevances de crédit-bail mobilier","account.data_account_type_expenses","","False"
"l10n_fr.1_pcg_6125","612500","Redevances de crédit-bail immobilier","account.data_account_type_expenses","","False"
"l10n_fr.1_pcg_6132","613200","Locations immobilières","account.data_account_type_expenses","","False"
"l10n_fr.1_pcg_6135","613500","Locations mobilières","account.data_account_type_expenses","","False"
"l10n_fr.1_pcg_6136","613600","Locations malis sur emballages","account.data_account_type_expenses","","False"
"l10n_fr.1_pcg_614","614000","Charges locatives et de copropriété","account.data_account_type_expenses","","False"
"l10n_fr.1_pcg_6152","615200","Entretien et réparations sur biens immobiliers","account.data_account_type_expenses","","False"
"l10n_fr.1_pcg_6155","615500","Entretien et réparations sur biens mobiliers","account.data_account_type_expenses","","False"
"l10n_fr.1_pcg_6156","615600","Maintenance","account.data_account_type_expenses","","False"
"l10n_fr.1_pcg_6161","616100","Assurance multirisques","account.data_account_type_expenses","","False"
"l10n_fr.1_pcg_6162","616200","Assurance obligatoire dommage construction","account.data_account_type_expenses","","False"
"l10n_fr.1_pcg_61636","616360","Assurance transport sur achats","account.data_account_type_expenses","","False"
"l10n_fr.1_pcg_61637","616370","Assurance transport sur ventes","account.data_account_type_expenses","","False"
"l10n_fr.1_pcg_61638","616380","Assurance transport sur autres biens","account.data_account_type_expenses","","False"
"l10n_fr.1_pcg_6164","616400","Assurance risques d'exploitation","account.data_account_type_expenses","","False"
"l10n_fr.1_pcg_6165","616500","Assurance insolvabilité clients","account.data_account_type_expenses","","False"
"l10n_fr.1_pcg_617","617000","Études et recherches","account.data_account_type_expenses","","False"
"l10n_fr.1_pcg_6181","618100","Documentation générale","account.data_account_type_expenses","","False"
"l10n_fr.1_pcg_6183","618300","Documentation technique","account.data_account_type_expenses","","False"
"l10n_fr.1_pcg_6185","618500","Frais de colloques, séminaires, conférences","account.data_account_type_expenses","","False"
"l10n_fr.1_pcg_619","619000","Rabais, remises et ristournes obtenus sur services extérieurs","account.data_account_type_expenses","","False"
"l10n_fr.1_pcg_6211","621100","Personnel intérimaire","account.data_account_type_expenses","","False"
"l10n_fr.1_pcg_6214","621400","Personnel détaché ou prêté à l'entreprise","account.data_account_type_expenses","","False"
"l10n_fr.1_pcg_6221","622100","Commissions et courtages sur achats","account.data_account_type_expenses","","False"
"l10n_fr.1_pcg_6222","622200","Commissions et courtages sur ventes","account.data_account_type_expenses","","False"
"l10n_fr.1_pcg_6224","622400","Rémunérations des transitaires","account.data_account_type_expenses","","False"
"l10n_fr.1_pcg_6225","622500","Rémunérations d'affacturage","account.data_account_type_expenses","","False"
"l10n_fr.1_pcg_6226","622600","Honoraires","account.data_account_type_expenses","","False"
"l10n_fr.1_pcg_6227","622700","Frais d'actes et de contentieux","account.data_account_type_expenses","","False"
"l10n_fr.1_pcg_6228","622800","Rémunérations d'intermédiaires et honoraires - Divers","account.data_account_type_expenses","","False"
"l10n_fr.1_pcg_6231","623100","Annonces et insertions","account.data_account_type_expenses","","False"
"l10n_fr.1_pcg_6232","623200","Échantillons","account.data_account_type_expenses","","False"
"l10n_fr.1_pcg_6233","623300","Foires et expositions","account.data_account_type_expenses","","False"
"l10n_fr.1_pcg_6234","623400","Cadeaux à la clientèle","account.data_account_type_expenses","","False"
"l10n_fr.1_pcg_6235","623500","Primes","account.data_account_type_expenses","","False"
"l10n_fr.1_pcg_6236","623600","Catalogues et imprimés","account.data_account_type_expenses","","False"
"l10n_fr.1_pcg_6237","623700","Publications","account.data_account_type_expenses","","False"
"l10n_fr.1_pcg_6238","623800","Publicité, publications, relations publiques - Divers (pourboires, dons courants...)","account.data_account_type_expenses","","False"
"l10n_fr.1_pcg_6241","624100","Transports sur achats","account.data_account_type_expenses","","False"
"l10n_fr.1_pcg_6242","624200","Transports sur ventes","account.data_account_type_expenses","","False"
"l10n_fr.1_pcg_6243","624300","Transports entre établissements ou chantiers","account.data_account_type_expenses","","False"
"l10n_fr.1_pcg_6244","624400","Transports administratifs","account.data_account_type_expenses","","False"
"l10n_fr.1_pcg_6247","624700","Transports collectifs du personnel","account.data_account_type_expenses","","False"
"l10n_fr.1_pcg_6248","624800","Transports divers","account.data_account_type_expenses","","False"
"l10n_fr.1_pcg_6251","625100","Voyages et déplacements","account.data_account_type_expenses","","False"
"l10n_fr.1_pcg_6255","625500","Frais de déménagement","account.data_account_type_expenses","","False"
"l10n_fr.1_pcg_6256","625600","Missions","account.data_account_type_expenses","","False"
"l10n_fr.1_pcg_6257","625700","Réceptions","account.data_account_type_expenses","","False"
"l10n_fr.1_pcg_626","626000","Frais postaux et frais de télécommunications","account.data_account_type_expenses","","False"
"l10n_fr.1_pcg_6271","627100","Frais sur titres (achat, vente, garde)","account.data_account_type_expenses","","False"
"l10n_fr.1_pcg_6272","627200","Commissions et frais sur émission d'emprunts","account.data_account_type_expenses","","False"
"l10n_fr.1_pcg_6275","627500","Frais sur effets","account.data_account_type_expenses","","False"
"l10n_fr.1_pcg_6276","627600","Location de coffres","account.data_account_type_expenses","","False"
"l10n_fr.1_pcg_6278","627800","Autres frais et commissions sur prestations de services","account.data_account_type_expenses","","False"
"l10n_fr.1_pcg_6281","628100","Concours divers (cotisations...)","account.data_account_type_expenses","","False"
"l10n_fr.1_pcg_6284","628400","Frais de recrutement de personnel","account.data_account_type_expenses","","False"
"l10n_fr.1_pcg_629","629000","Rabais, remises et ristournes obtenus sur autres services extérieurs","account.data_account_type_expenses","","False"
"l10n_fr.1_pcg_6311","631100","Taxe sur les salaires","account.data_account_type_expenses","","False"
"l10n_fr.1_pcg_6312","631200","Taxe d'apprentissage","account.data_account_type_expenses","","False"
"l10n_fr.1_pcg_6313","631300","Participation des employeurs à la formation professionnelle continue","account.data_account_type_expenses","","False"
"l10n_fr.1_pcg_6314","631400","Cotisation pour défaut d'investissement obligatoire dans la construction","account.data_account_type_expenses","","False"
"l10n_fr.1_pcg_6318","631800","Autres impôts, taxes et versements assimilés sur rémunérations (administrations des impôts)","account.data_account_type_expenses","","False"
"l10n_fr.1_pcg_6331","633100","Versement de transport","account.data_account_type_expenses","","False"
"l10n_fr.1_pcg_6332","633200","Allocation logement","account.data_account_type_expenses","","False"
"l10n_fr.1_pcg_6333","633300","Participation des employeurs à la formation professionnelle continue","account.data_account_type_expenses","","False"
"l10n_fr.1_pcg_6334","633400","Participation des employeurs à l'effort de construction","account.data_account_type_expenses","","False"
"l10n_fr.1_pcg_6335","633500","Versements libératoires ouvrant droit à l'exonération de la taxe d'apprentissage","account.data_account_type_expenses","","False"
"l10n_fr.1_pcg_6338","633800","Autres impôts, taxes et versements assimilés sur rémunérations (autres organismes)","account.data_account_type_expenses","","False"
"l10n_fr.1_pcg_635111","635111","Cotisation foncière des entreprises","account.data_account_type_expenses","","False"
"l10n_fr.1_pcg_635112","635112","Cotisation sur la valeur ajoutée des entreprises","account.data_account_type_expenses","","False"
"l10n_fr.1_pcg_63512","635120","Taxes foncières","account.data_account_type_expenses","","False"
"l10n_fr.1_pcg_63513","635130","Autres impôts locaux","account.data_account_type_expenses","","False"
"l10n_fr.1_pcg_63514","635140","Taxe sur les véhicules des sociétés","account.data_account_type_expenses","","False"
"l10n_fr.1_pcg_6352","635200","Taxes sur le chiffre d'affaires non récupérables","account.data_account_type_expenses","","False"
"l10n_fr.1_pcg_6353","635300","Impôts indirects","account.data_account_type_expenses","","False"
"l10n_fr.1_pcg_63541","635410","Droits de mutation","account.data_account_type_expenses","","False"
"l10n_fr.1_pcg_6358","635800","Autres droits","account.data_account_type_expenses","","False"
"l10n_fr.1_pcg_6371","637100","Contribution sociale de solidarité à la charge des sociétés","account.data_account_type_expenses","","False"
"l10n_fr.1_pcg_6372","637200","Taxes perçues par les organismes publics internationaux","account.data_account_type_expenses","","False"
"l10n_fr.1_pcg_6374","637400","Impôts et taxes exigibles à l'étranger","account.data_account_type_expenses","","False"
"l10n_fr.1_pcg_6378","637800","Taxes diverses (autres organismes)","account.data_account_type_expenses","","False"
"l10n_fr.1_pcg_6411","641100","Salaires et appointements","account.data_account_type_expenses","","False"
"l10n_fr.1_pcg_6412","641200","Congés payés","account.data_account_type_expenses","","False"
"l10n_fr.1_pcg_6413","641300","Primes et gratifications","account.data_account_type_expenses","","False"
"l10n_fr.1_pcg_6414","641400","Indemnités et avantages divers","account.data_account_type_expenses","","False"
"l10n_fr.1_pcg_6415","641500","Supplément familial","account.data_account_type_expenses","","False"
"l10n_fr.1_pcg_644","644000","Rémunération du travail de l'exploitant","account.data_account_type_expenses","","False"
"l10n_fr.1_pcg_6451","645100","Cotisations à l'URSSAF","account.data_account_type_expenses","","False"
"l10n_fr.1_pcg_6452","645200","Cotisations aux mutuelles","account.data_account_type_expenses","","False"
"l10n_fr.1_pcg_6453","645300","Cotisations aux caisses de retraites","account.data_account_type_expenses","","False"
"l10n_fr.1_pcg_6454","645400","Cotisations aux ASSEDIC","account.data_account_type_expenses","","False"
"l10n_fr.1_pcg_6458","645800","Cotisations aux autres organismes sociaux","account.data_account_type_expenses","","False"
"l10n_fr.1_pcg_646","646000","Cotisations sociales personnelles de l'exploitant","account.data_account_type_expenses","","False"
"l10n_fr.1_pcg_6471","647100","Prestations directes","account.data_account_type_expenses","","False"
"l10n_fr.1_pcg_6472","647200","Versements aux comités d'entreprise et d'établissement","account.data_account_type_expenses","","False"
"l10n_fr.1_pcg_6473","647300","Versements aux comités d'hygiène et de sécurité","account.data_account_type_expenses","","False"
"l10n_fr.1_pcg_6474","647400","Versements aux autres oeuvres sociales","account.data_account_type_expenses","","False"
"l10n_fr.1_pcg_6475","647500","Médecine du travail, pharmacie","account.data_account_type_expenses","","False"
"l10n_fr.1_pcg_648","648000","Autres charges de personnel","account.data_account_type_expenses","","False"
"l10n_fr.1_pcg_649","649000","Crédit d’Impôt Compétitivité Emploi (CICE)","account.data_account_type_expenses","","False"
"l10n_fr.1_pcg_6511","651100","Redevances pour concessions brevets, licences, marques, procédés, logiciels","account.data_account_type_expenses","","False"
"l10n_fr.1_pcg_6516","651600","Droits d'auteur et de reproduction","account.data_account_type_expenses","","False"
"l10n_fr.1_pcg_6518","651800","Autres droits et valeurs similaires","account.data_account_type_expenses","","False"
"l10n_fr.1_pcg_653","653000","Jetons de présence","account.data_account_type_expenses","","False"
"l10n_fr.1_pcg_6541","654100","Créances de l'exercice","account.data_account_type_expenses","","False"
"l10n_fr.1_pcg_6544","654400","Créances des exercices antérieurs","account.data_account_type_expenses","","False"
"l10n_fr.1_pcg_6551","655100","Quote-part de bénéfice transférée (comptabilité du gérant)","account.data_account_type_expenses","","False"
"l10n_fr.1_pcg_6555","655500","Quote-part de perte supportée (comptabilité des associés non gérants)","account.data_account_type_expenses","","False"
"l10n_fr.1_pcg_658","658000","Charges diverses de gestion courante","account.data_account_type_expenses","","False"
"l10n_fr.1_pcg_66116","661160","Intérêts des emprunts et dettes assimilées","account.data_account_type_expenses","","False"
"l10n_fr.1_pcg_66117","661170","Intérêts des dettes rattachées à des participations","account.data_account_type_expenses","","False"
"l10n_fr.1_pcg_6615","661500","Intérêts des comptes courants et des dépôts créditeurs","account.data_account_type_expenses","","False"
"l10n_fr.1_pcg_6616","661600","Intérêts bancaires et sur opérations de financement (escompte, ...)","account.data_account_type_expenses","","False"
"l10n_fr.1_pcg_6617","661700","Intérêts des obligations cautionnées","account.data_account_type_expenses","","False"
"l10n_fr.1_pcg_66181","661810","Intérêts des dettes commerciales","account.data_account_type_expenses","","False"
"l10n_fr.1_pcg_66188","661880","Intérêts des dettes diverses","account.data_account_type_expenses","","False"
"l10n_fr.1_pcg_664","664000","Pertes sur créances liées à des participations","account.data_account_type_expenses","","False"
"l10n_fr.1_pcg_665","665000","Escomptes accordés","account.data_account_type_expenses","","False"
"l10n_fr.1_pcg_666","666000","Pertes de change","account.data_account_type_expenses","","False"
"l10n_fr.1_pcg_667","667000","Charges nettes sur cessions de valeurs mobilières de placement","account.data_account_type_expenses","","False"
"l10n_fr.1_pcg_668","668000","Autres charges financières","account.data_account_type_expenses","","False"
"l10n_fr.1_pcg_6711","671100","Charges exceptionnelles - Pénalités sur marchés (et dédits payés sur achats et ventes)","account.data_account_type_expenses","","False"
"l10n_fr.1_pcg_6712","671200","Charges exceptionnelles - Pénalités, amendes fiscales et pénales","account.data_account_type_expenses","","False"
"l10n_fr.1_pcg_6713","671300","Charges exceptionnelles - Dons, libéralités","account.data_account_type_expenses","","False"
"l10n_fr.1_pcg_6714","671400","Charges exceptionnelles - Créances devenues irrécouvrables dans l'exercice","account.data_account_type_expenses","","False"
"l10n_fr.1_pcg_6715","671500","Charges exceptionnelles - Subventions accordées","account.data_account_type_expenses","","False"
"l10n_fr.1_pcg_6717","671700","Charges exceptionnelles - Rappels d'impôts (autres qu'impôts sur les bénéfices)","account.data_account_type_expenses","","False"
"l10n_fr.1_pcg_6718","671800","Autres charges exceptionnelles sur opération de gestion","account.data_account_type_expenses","","False"
"l10n_fr.1_pcg_672","672000","Charges exceptionnelles sur exercices antérieurs (en cours d'exercice seulement)","account.data_account_type_expenses","","False"
"l10n_fr.1_pcg_6751","675100","Valeurs comptables des éléments d'actif cédés - Immobilisations incorporelles","account.data_account_type_expenses","","False"
"l10n_fr.1_pcg_6752","675200","Valeurs comptables des éléments d'actif cédés - Immobilisations corporelles","account.data_account_type_expenses","","False"
"l10n_fr.1_pcg_6756","675600","Valeurs comptables des éléments d'actif cédés - Immobilisations financières","account.data_account_type_expenses","","False"
"l10n_fr.1_pcg_6758","675800","Valeurs comptables des éléments d'actif cédés - Autres éléments d'actif","account.data_account_type_expenses","","False"
"l10n_fr.1_pcg_6781","678100","Charges exceptionnelles - Malis provenant de clauses d'indexation","account.data_account_type_expenses","","False"
"l10n_fr.1_pcg_6782","678200","Charges exceptionnelles - Lots","account.data_account_type_expenses","","False"
"l10n_fr.1_pcg_6783","678300","Charges exceptionnelles - Malis provenant du rachat par l'entreprise d'actions et obligations émises par elle-même","account.data_account_type_expenses","","False"
"l10n_fr.1_pcg_6788","678800","Charges exceptionnelles diverses","account.data_account_type_expenses","","False"
"l10n_fr.1_pcg_68111","681110","Dotations aux amortissements sur immobilisations incorporelles","account.data_account_type_expenses","","False"
"l10n_fr.1_pcg_68112","681120","Dotations aux amortissements sur immobilisations corporelles","account.data_account_type_expenses","","False"
"l10n_fr.1_pcg_6812","681200","Dotations aux amortissements des charges d'exploitation à répartir","account.data_account_type_expenses","","False"
"l10n_fr.1_pcg_6815","681500","Dotations aux provisions pour risques et charges d'exploitation","account.data_account_type_expenses","","False"
"l10n_fr.1_pcg_68161","681610","Dotations aux dépréciations des immobilisations incorporelles","account.data_account_type_expenses","","False"
"l10n_fr.1_pcg_68162","681620","Dotations aux dépréciations des immobilisations corporelles","account.data_account_type_expenses","","False"
"l10n_fr.1_pcg_68173","681730","Dotations aux dépréciations des stocks et en-cours","account.data_account_type_expenses","","False"
"l10n_fr.1_pcg_68174","681740","Dotations aux dépréciations des créances","account.data_account_type_expenses","","False"
"l10n_fr.1_pcg_6861","686100","Dotations aux amortissements des primes de remboursement des obligations","account.data_account_type_expenses","","False"
"l10n_fr.1_pcg_6865","686500","Dotations aux provisions pour risques et charges financiers","account.data_account_type_expenses","","False"
"l10n_fr.1_pcg_68662","686620","Dotations aux dépréciations des immobilisations financières","account.data_account_type_expenses","","False"
"l10n_fr.1_pcg_68665","686650","Dotations aux dépréciations des valeurs mobilières de placement","account.data_account_type_expenses","","False"
"l10n_fr.1_pcg_6868","686800","Autres dotations aux amortissements, dépréciations et provisions - Charges financières","account.data_account_type_expenses","","False"
"l10n_fr.1_pcg_6871","687100","Dotations aux amortissements exceptionnels des immobilisations","account.data_account_type_expenses","","False"
"l10n_fr.1_pcg_68725","687250","Dotations aux provisions réglementées exceptionnelles (immobilisations) - Amortissements dérogatoires","account.data_account_type_expenses","","False"
"l10n_fr.1_pcg_6873","687300","Dotations aux provisions réglementées exceptionnelles (stocks)","account.data_account_type_expenses","","False"
"l10n_fr.1_pcg_6874","687400","Dotations aux autres provisions réglementées exceptionnelles","account.data_account_type_expenses","","False"
"l10n_fr.1_pcg_6875","687500","Dotations aux provisions exceptionnelles","account.data_account_type_expenses","","False"
"l10n_fr.1_pcg_6876","687600","Dotations aux dépréciations exceptionnelles","account.data_account_type_expenses","","False"
"l10n_fr.1_pcg_691","691000","Participation des salariés aux résultats","account.data_account_type_expenses","","False"
"l10n_fr.1_pcg_6951","695100","Impôts sur les bénéfices dus en France","account.data_account_type_expenses","","False"
"l10n_fr.1_pcg_6952","695200","Contribution additionnelle à l'impôt sur les bénéfices","account.data_account_type_expenses","","False"
"l10n_fr.1_pcg_6954","695400","Impôts sur les bénéfices dus à l'étranger","account.data_account_type_expenses","","False"
"l10n_fr.1_pcg_696","696000","Supplément d'impôt sur les sociétés lié aux distributions","account.data_account_type_expenses","","False"
"l10n_fr.1_pcg_697","697000","Imposition forfaitaire annuelle des sociétés","account.data_account_type_expenses","","False"
"l10n_fr.1_pcg_6981","698100","Intégration fiscale - Charges","account.data_account_type_expenses","","False"
"l10n_fr.1_pcg_6989","698900","Intégration fiscale - Produits","account.data_account_type_expenses","","False"
"l10n_fr.1_pcg_699","699000","Produits, Reports en arrière des déficits","account.data_account_type_expenses","","False"
"l10n_fr.1_pcg_7011","701100","Ventes de produits finis (ou groupe) A","account.data_account_type_revenue","","False"
"l10n_fr.1_pcg_7012","701200","Ventes de produits finis (ou groupe) B","account.data_account_type_revenue","","False"
"l10n_fr.1_pcg_702","702000","Ventes de produits intermédiaires","account.data_account_type_revenue","","False"
"l10n_fr.1_pcg_703","703000","Ventes de produits résiduels","account.data_account_type_revenue","","False"
"l10n_fr.1_pcg_7041","704100","Ventes de travaux de catégorie (ou activité) A","account.data_account_type_revenue","","False"
"l10n_fr.1_pcg_7042","704200","Ventes de travaux de catégorie (ou activité) B","account.data_account_type_revenue","","False"
"l10n_fr.1_pcg_705","705000","Ventes d'études","account.data_account_type_revenue","","False"
"l10n_fr.1_pcg_706","706000","Ventes de prestations de services","account.data_account_type_revenue","","False"
"l10n_fr.1_pcg_7071","707100","Ventes de marchandises (ou groupe) A","account.data_account_type_revenue","","False"
"l10n_fr.1_pcg_7072","707200","Ventes de marchandises (ou groupe) B","account.data_account_type_revenue","","False"
"l10n_fr.1_pcg_7073","707300","Ventes de marchandises à l'exportation","account.data_account_type_revenue","","False"
"l10n_fr.1_pcg_7081","708100","Produits des services exploités dans l'intérêt du personnel","account.data_account_type_revenue","","False"
"l10n_fr.1_pcg_7082","708200","Commissions et courtages","account.data_account_type_revenue","","False"
"l10n_fr.1_pcg_7083","708300","Locations diverses","account.data_account_type_revenue","","False"
"l10n_fr.1_pcg_7084","708400","Mise à disposition de personnel facturée","account.data_account_type_revenue","","False"
"l10n_fr.1_pcg_7085","708500","Ports et frais accessoires facturés","account.data_account_type_revenue","","False"
"l10n_fr.1_pcg_7086","708600","Bonis sur reprises d'emballages consignés","account.data_account_type_revenue","","False"
"l10n_fr.1_pcg_7087","708700","Bonifications obtenues des clients et primes sur ventes","account.data_account_type_revenue","","False"
"l10n_fr.1_pcg_7088","708800","Autres produits d'activités annexes (cessions d'approvisionnements...)","account.data_account_type_revenue","","False"
"l10n_fr.1_pcg_7091","709100","Rabais, remises et ristournes sur ventes de produits finis","account.data_account_type_revenue","","False"
"l10n_fr.1_pcg_7092","709200","Rabais, remises et ristournes sur ventes de produits intermédiaires","account.data_account_type_revenue","","False"
"l10n_fr.1_pcg_7094","709400","Rabais, remises et ristournes sur travaux","account.data_account_type_revenue","","False"
"l10n_fr.1_pcg_7095","709500","Rabais, remises et ristournes sur études","account.data_account_type_revenue","","False"
"l10n_fr.1_pcg_7096","709600","Rabais, remises et ristournes sur prestations de services","account.data_account_type_revenue","","False"
"l10n_fr.1_pcg_7097","709700","Rabais, remises et ristournes sur ventes de marchandises","account.data_account_type_revenue","","False"
"l10n_fr.1_pcg_7098","709800","Rabais, remises et ristournes sur produits des activités annexes","account.data_account_type_revenue","","False"
"l10n_fr.1_pcg_71331","713310","Variation des en-cours de production de biens - Produits en cours","account.data_account_type_revenue","","False"
"l10n_fr.1_pcg_71335","713350","Variation des en-cours de production de biens - Travaux en cours","account.data_account_type_revenue","","False"
"l10n_fr.1_pcg_71341","713410","Variation des en-cours de production de services - Études en cours","account.data_account_type_revenue","","False"
"l10n_fr.1_pcg_71345","713450","Variation des en-cours de production de services - Prestations de services en cours","account.data_account_type_revenue","","False"
"l10n_fr.1_pcg_71351","713510","Variation des stocks de produits intermédiaires","account.data_account_type_revenue","","False"
"l10n_fr.1_pcg_71355","713550","Variation des stocks de produits finis","account.data_account_type_revenue","","False"
"l10n_fr.1_pcg_71358","713580","Variation des stocks de produits résiduels","account.data_account_type_revenue","","False"
"l10n_fr.1_pcg_721","721000","Production immobilisée - Immobilisations incorporelles","account.data_account_type_revenue","","False"
"l10n_fr.1_pcg_722","722000","Production immobilisée - Immobilisations corporelles","account.data_account_type_revenue","","False"
"l10n_fr.1_pcg_74","740000","Subventions d'exploitation","account.data_account_type_revenue","","False"
"l10n_fr.1_pcg_7511","751100","Redevances pour concessions, brevets, licences, marques, procédés, logiciels","account.data_account_type_revenue","","False"
"l10n_fr.1_pcg_7516","751600","Droits d'auteur et de reproduction","account.data_account_type_revenue","","False"
"l10n_fr.1_pcg_7518","751800","Redevances pour autres droits et valeurs similaires","account.data_account_type_revenue","","False"
"l10n_fr.1_pcg_752","752000","Revenus des immeubles non affectés aux activités professionnelles","account.data_account_type_revenue","","False"
"l10n_fr.1_pcg_753","753000","Jetons de présence et rémunérations d'administrateurs, gérants..","account.data_account_type_revenue","","False"
"l10n_fr.1_pcg_754","754000","Ristournes perçues des coopératives (provenant des excédents)","account.data_account_type_revenue","","False"
"l10n_fr.1_pcg_7551","755100","Quote-part de perte transférée (comptabilité du gérant)","account.data_account_type_revenue","","False"
"l10n_fr.1_pcg_7555","755500","Quote-part de bénéfice attribuée (comptabilité des associés non-gérants)","account.data_account_type_revenue","","False"
"l10n_fr.1_pcg_758","758000","Produits divers de gestion courante","account.data_account_type_revenue","","False"
"l10n_fr.1_pcg_7611","761100","Revenus des titres de participation","account.data_account_type_revenue","","False"
"l10n_fr.1_pcg_7616","761600","Revenus sur autres formes de participation","account.data_account_type_revenue","","False"
"l10n_fr.1_pcg_7621","762100","Revenus des titres immobilisés","account.data_account_type_revenue","","False"
"l10n_fr.1_pcg_7626","762600","Revenus des prêts","account.data_account_type_revenue","","False"
"l10n_fr.1_pcg_7627","762700","Revenus des créances immobilisées","account.data_account_type_revenue","","False"
"l10n_fr.1_pcg_7631","763100","Revenus des créances commerciales","account.data_account_type_revenue","","False"
"l10n_fr.1_pcg_7638","763800","Revenus des créances diverses","account.data_account_type_revenue","","False"
"l10n_fr.1_pcg_764","764000","Revenus des valeurs mobilières de placement","account.data_account_type_revenue","","False"
"l10n_fr.1_pcg_765","765000","Escomptes obtenus","account.data_account_type_revenue","","False"
"l10n_fr.1_pcg_766","766000","Gains de change","account.data_account_type_other_income","","False"
"l10n_fr.1_pcg_767","767000","Produits nets sur cessions de valeurs mobilières de placement","account.data_account_type_revenue","","False"
"l10n_fr.1_pcg_768","768000","Autres produits financiers","account.data_account_type_revenue","","False"
"l10n_fr.1_pcg_7711","771100","Produits exceptionnels - Dédits et pénalités perçus sur achats et sur ventes","account.data_account_type_revenue","","False"
"l10n_fr.1_pcg_7713","771300","Produits exceptionnels - Libéralités reçues","account.data_account_type_revenue","","False"
"l10n_fr.1_pcg_7714","771400","Produits exceptionnels - Rentrées sur créances amorties","account.data_account_type_revenue","","False"
"l10n_fr.1_pcg_7715","771500","Produits exceptionnels - Subventions d'équilibre","account.data_account_type_revenue","","False"
"l10n_fr.1_pcg_7717","771700","Produits exceptionnels - Dégrèvements d'impôts autres qu'impôts sur les bénéfices","account.data_account_type_revenue","","False"
"l10n_fr.1_pcg_7718","771800","Autres produits exceptionnels sur opérations de gestion","account.data_account_type_revenue","","False"
"l10n_fr.1_pcg_772","772000","Produits exceptionnels sur exercices antérieurs (en cours d'exercice seulement)","account.data_account_type_revenue","","False"
"l10n_fr.1_pcg_7751","775100","Produits exceptionnels des cessions d'éléments d'actif - Immobilisations incorporelles","account.data_account_type_revenue","","False"
"l10n_fr.1_pcg_7752","775200","Produits exceptionnels des cessions d'éléments d'actif - Immobilisations corporelles","account.data_account_type_revenue","","False"
"l10n_fr.1_pcg_7756","775600","Produits exceptionnels des cessions d'éléments d'actif - Immobilisations financières","account.data_account_type_revenue","","False"
"l10n_fr.1_pcg_7758","775800","Produits exceptionnels des cessions d'éléments d'actif - Autres éléments d'actif","account.data_account_type_revenue","","False"
"l10n_fr.1_pcg_777","777000","Produits exceptionnels - Quote-part des subventions d'investissement virée au résultat de l'exercice","account.data_account_type_revenue","","False"
"l10n_fr.1_pcg_7781","778100","Produits exceptionnels - Bonis provenant de clauses d'indexation","account.data_account_type_revenue","","False"
"l10n_fr.1_pcg_7782","778200","Produits exceptionnels - Lots","account.data_account_type_revenue","","False"
"l10n_fr.1_pcg_7783","778300","Produits exceptionnels - Bonis provenant du rachat par l'entreprise d'actions et d'obligations émises par elle-même","account.data_account_type_revenue","","False"
"l10n_fr.1_pcg_7788","778800","Produits exceptionnels divers","account.data_account_type_revenue","","False"
"l10n_fr.1_pcg_78111","781110","Reprises sur amortissements des immobilisations incorporelles","account.data_account_type_revenue","","False"
"l10n_fr.1_pcg_78112","781120","Reprises sur amortissements des immobilisations corporelles","account.data_account_type_revenue","","False"
"l10n_fr.1_pcg_7815","781500","Reprises sur provisions d'exploitation","account.data_account_type_revenue","","False"
"l10n_fr.1_pcg_78161","781610","Reprises sur dépréciations des immobilisations incorporelles","account.data_account_type_revenue","","False"
"l10n_fr.1_pcg_78162","781620","Reprises sur dépréciations des immobilisations corporelles","account.data_account_type_revenue","","False"
"l10n_fr.1_pcg_78173","781730","Reprises sur dépréciations des actifs circulants - Stocks et en-cours","account.data_account_type_revenue","","False"
"l10n_fr.1_pcg_78174","781740","Reprises sur dépréciations des actifs circulants - Créances","account.data_account_type_revenue","","False"
"l10n_fr.1_pcg_7865","786500","Reprises sur provisions financières","account.data_account_type_revenue","","False"
"l10n_fr.1_pcg_78662","786620","Reprises sur dépréciations des immobilisations financières","account.data_account_type_revenue","","False"
"l10n_fr.1_pcg_78665","786650","Reprises sur dépréciations des valeurs mobilières de placement","account.data_account_type_revenue","","False"
"l10n_fr.1_pcg_78725","787250","Reprises sur provisions réglementées (immobilisations) - Amortissements dérogatoires","account.data_account_type_revenue","","False"
"l10n_fr.1_pcg_78726","787260","Reprises sur provisions réglementées (immobilisations) - Provision spéciale de réévaluation","account.data_account_type_revenue","","False"
"l10n_fr.1_pcg_78727","787270","Reprises sur provisions réglementées (immobilisations) - Plus-values réinvesties","account.data_account_type_revenue","","False"
"l10n_fr.1_pcg_7873","787300","Reprises sur provisions réglementées (stocks)","account.data_account_type_revenue","","False"
"l10n_fr.1_pcg_7874","787400","Reprises sur autres provisions réglementées","account.data_account_type_revenue","","False"
"l10n_fr.1_pcg_7875","787500","Reprises sur provisions exceptionnelles","account.data_account_type_revenue","","False"
"l10n_fr.1_pcg_7876","787600","Reprises sur dépréciations exceptionnelles","account.data_account_type_revenue","","False"
"l10n_fr.1_pcg_791","791000","Transferts de charges d'exploitation","account.data_account_type_revenue","","False"
"l10n_fr.1_pcg_796","796000","Transferts de charges financières","account.data_account_type_revenue","","False"
"l10n_fr.1_pcg_797","797000","Transferts de charges exceptionnelles","account.data_account_type_revenue","","False"
